Name,Location,URL,Category,Latitude,Longitude
AWS  User Group Timisoara,"Timisoara, Romania",https://www.meetup.com/aws-timisoara,General AWS User Groups,45.7538355,21.2257474
IASI AWS User Group,"Iasi, Romania",https://www.meetup.com/aws-ro/,General AWS User Groups,47.1615598,27.5837814
User Group Tulsa,"Tulsa, OK",https://www.meetup.com/tulsa-aws/,General AWS User Groups,36.1563122,-95.9927516
AWS Abidjan User Group,"Abidjan, Ivory Coast",https://www.meetup.com/groupe-meetup-abidjan-amazon-web-services/,General AWS User Groups,5.320357,-4.016107
AWS Accra,"Accra, Ghana",https://www.meetup.com/aws-accra/,General AWS User Groups,5.5571096,-0.2012376
AWS Amsterdam,"Amsterdam, The Netherlands",https://www.meetup.com/aws-ams/,General AWS User Groups,52.3730796,4.8924534
AWS Arizona,"Phoenix, Arizona, USA",https://www.meetup.com/AWSArizona/,General AWS User Groups,33.4484367,-112.074141
AWS Bath User Group,"Bath, United Kingdom",https://www.meetup.com/AWSBathUserGroup/,General AWS User Groups,51.3813864,-2.3596963
AWS Bilbao,"Bilbao, Spain",https://www.meetup.com/AWS-Bilbao/,General AWS User Groups,43.2630018,-2.9350039
AWS Budapest Community of Practice,"Budapest, Hungary",https://www.meetup.com/AWS-Budapest-CoP/,General AWS User Groups,47.4813896,19.1460941
AWS Bulgaria,"Sofia, Bulgaria",https://www.meetup.com/AWS-Bulgaria/,General AWS User Groups,42.6792938,23.3011089
AWS Cambridge Meetup Group,"Cambridge, United Kingdom",https://www.meetup.com/AWS-Amazon-Web-Services-Cambridge-Meetup-Group/,General AWS User Groups,52.2055314,0.1186637
AWS Charlotte User Group,"Charlotte, North Carolina, USA",https://www.meetup.com/AWS-Charlotte-User-Group/,General AWS User Groups,35.2272086,-80.8430827
AWS Cleveland User Group,"Cleveland, USA",https://www.meetup.com/cleveland-aws-meetup/,General AWS User Groups,41.4996574,-81.6936772
AWS Cloud Security - NoVA,"Arlington, VA, USA",https://www.meetup.com/aws-security-nova/,General AWS User Groups,38.8769326,-77.0893094
AWS Cloud Security User Group West Africa,"Lagos, Nigeria",https://www.meetup.com/aws-cloud-security-user-group-west-africa/,General AWS User Groups,6.4550575,3.3941795
AWS Colombia Bogota,"Bogotá, Colombia",https://www.meetup.com/AWS-Colombia-bogota/,General AWS User Groups,4.7110053,-74.0720857
AWS Dallas,"Dallas, Texas, USA",https://www.meetup.com/AWS-Dallas/,General AWS User Groups,32.7762719,-96.7968559
AWS Data Engineer User Group India,India,https://www.meetup.com/aws-usergroup-data-india/,General AWS User Groups,22.3511148,78.6677428
AWS Dubai,"Dubai, United Arab Emirates",https://www.meetup.com/AWS-Dubai/,General AWS User Groups,25.2277355,55.1749996
AWS Ecuador User Group,"Guayaquil, Ecuador",https://www.meetup.com/aws-ecuador/,General AWS User Groups,-2.1990477,-79.8879772
AWS Frederick Meetup,"Frederick, Maryland, USA",https://www.meetup.com/AWS-Frederick-Meetup/,General AWS User Groups,39.415779,-77.4127562
AWS GO,"‎Goiânia, Brazil",https://www.meetup.com/AWS-GO/,General AWS User Groups,-16.680882,-49.2532691
AWS Girls Argentina,"Argentina, Argentina",https://www.linkedin.com/company/aws-girls-argentina,Women's User Groups,-34.9964963,-64.9672817
AWS Girls Chile User Group,"Santiago, Chile",https://www.meetup.com/aws-girls-chile-group/,Women's User Groups,-33.4377756,-70.6504502
AWS Gothenburg User Group,"Gothenburg, Sweden",https://www.meetup.com/AWS_user_group_Gothenburg/,General AWS User Groups,57.7072326,11.9670171
AWS Guatemala,"Guatemala, Guatemala",https://www.meetup.com/AWS-Guatemala/,General AWS User Groups,15.5855545,-90.345759
AWS Gulf Coast User Group,"Mobile, USA",https://www.linkedin.com/company/aws-gulf-coast-user-group/,General AWS User Groups,30.6972412,-88.1892334
AWS Gurus,"San Mateo, California, USA",https://www.meetup.com/awsgurus/,General AWS User Groups,37.496904,-122.3330573
AWS Houston,"Houston, Texas, USA",https://www.meetup.com/AWS-Houston/,General AWS User Groups,29.7589382,-95.3676974
AWS IL,"Tel Aviv-Yafo, Israel",https://www.meetup.com/AWS-IL/,General AWS User Groups,32.0852997,34.7818064
AWS Ireland Usergroup,"Dublin, Ireland",https://www.meetup.com/AWS-Ireland-Usergroup/,General AWS User Groups,53.3493795,-6.2605593
AWS JOZI,"Johannesburg, South Africa",https://www.meetup.com/AWS-JOZI/,General AWS User Groups,-26.205,28.049722
AWS Jackson Mississippi,"Jackson, Mississippi, USA",https://www.meetup.com/pro/aws-jackson-mississippi/,General AWS User Groups,32.2998686,-90.1830408
AWS Jordan,"Amman, Jordan",https://www.meetup.com/aws-jordan/,General AWS User Groups,31.9515694,35.9239625
AWS Kansas City User Group,"Kansas City, Kansas, USA",https://www.meetup.com/awskcug/,General AWS User Groups,39.1134562,-94.626497
AWS Korea User Group (AWSKRUG),Korea,https://awskrug.github.io/,General AWS User Groups,37.9528488,126.7331171
AWS Lafayette,"Lafayette, Louisiana, USA",https://www.meetup.com/AWS-Lafayette/,General AWS User Groups,30.2262187,-92.0178202
AWS Las Vegas,"Las Vegas, Nevada, USA",https://www.meetup.com/AWS-LasVegas/,General AWS User Groups,36.1672719,-115.1483538
AWS Leeds User Group,"Leeds, United Kingdom",https://www.meetup.com/AWS-Leeds-User-Group/,General AWS User Groups,53.7974185,-1.5437941
AWS Lyon AWS User Group,"Lyon, France",https://www.meetup.com/AWS-Lyon-Amazon-Web-Services-User-Group/,General AWS User Groups,45.7578137,4.8320114
AWS Machine Learning Community NYC,"New York City, New York, USA",https://www.meetup.com/AWS-Machine-Learning-Community-NYC/,General AWS User Groups,40.7127281,-74.0060152
AWS Machine Learning LATAM,"Lima, Peru",https://www.linkedin.com/company/awsmllatam/,AI/ML,-11.967575,-77.0113689
AWS Medellin,"Medellín, Colombia",https://www.meetup.com/AWS-Medellin/,General AWS User Groups,6.2697324,-75.6025597
AWS Meetup Aarhus,"Århus, Denmark",https://www.meetup.com/AWSaarhus/,General AWS User Groups,56.1496278,10.2134046
AWS Meetup JKL,"Jyväskylä, Finland",https://www.meetup.com/aws-meetup-jkl/,General AWS User Groups,62.2417066,25.7495727
AWS Meetup Karlsruhe,"Karlsruhe, Germany",https://www.meetup.com/aws-meetup-karlsruhe/,General AWS User Groups,49.0068705,8.4034195
AWS Meetup Minsk,"Minsk, Belarus",https://t.me/aws_minsk,General AWS User Groups,53.9154648,27.5508093
AWS Meetup Rio de Janeiro,"Rio de Janeiro, Brazil",https://www.meetup.com/AWS-Meetup-Rio-de-Janeiro/,General AWS User Groups,-22.9110137,-43.2093727
AWS Melbourne Well-Architected User Group,"Melbourne, Australia",https://www.meetup.com/aws-melbourne-well-architected-user-group/,General AWS User Groups,-37.8142454,144.9631732
AWS Michigan,"Ann Arbor, Michigan, USA",https://www.meetup.com/AWS-Michigan/,General AWS User Groups,42.2813722,-83.7484616
AWS Milwaukee,"Milwaukee, USA",https://www.meetup.com/mkeaws/,General AWS User Groups,43.0386475,-87.9090751
AWS Munich,"München, Germany",https://www.meetup.com/AWS-Munich/,General AWS User Groups,48.1371079,11.5753822
AWS NYC,"New York City, New York, USA",https://www.meetup.com/AWS-NYC/,General AWS User Groups,40.7127281,-74.0060152
AWS New Orleans,"New Orleans, Louisiana, USA",https://www.meetup.com/AWS-New-Orleans/,General AWS User Groups,29.9759983,-90.0782127
AWS New York,"New York City, New York, USA",https://www.meetup.com/AWSnewyork/,General AWS User Groups,40.7127281,-74.0060152
AWS Nigeria User Group,"Lagos, Nigeria",https://www.meetup.com/AWS-Nigeria-User-Group/,General AWS User Groups,6.4550575,3.3941795
AWS Ontario Virtual User Group,"Toronto, Ontario, Canada",https://www.meetup.com/aws-ontario-virtual-user-group/,General AWS User Groups,43.6534817,-79.3839347
AWS Orange County,"Irvine, CA",https://www.meetup.com/AWS-Orange-County-Official-Events/,General AWS User Groups,33.6856969,-117.825981
AWS PTA,"Pretoria, South Africa",https://www.meetup.com/AWS-PTA/,General AWS User Groups,-25.7459277,28.1879101
AWS Palestine,"Ramallah, Palestinian Territories",https://www.meetup.com/aws-palestine/,General AWS User Groups,,
AWS Portland,"Portland, Oregon, USA",https://www.meetup.com/AWS-Portland/,General AWS User Groups,45.5202471,-122.674194
AWS Porto Alegre,"Porto Alegre, Brazil",https://www.meetup.com/AWS-Porto-Alegre/,General AWS User Groups,-30.0324999,-51.2303767
AWS Portsmouth User Group,"Portsmouth, New Hampshire, USA",https://www.meetup.com/awspug/,General AWS User Groups,43.0702223,-70.7548621
AWS Providence UG,"Providence, Rhode Island, USA",https://www.meetup.com/providence-aws-user-group/,General AWS User Groups,41.8239891,-71.4128343
AWS Puerto Rico UG,"Puerto Rico, Puerto Rico",https://www.meetup.com/amazon-web-services-puerto-rico-user-group/,General AWS User Groups,-26.8167893,-55.0266912
AWS Raleigh,"Raleigh, North Carolina, USA",https://www.meetup.com/AWS-Raleigh/,General AWS User Groups,35.7803977,-78.6390989
AWS Rosenheim Meetup Gruppe,"Rosenheim, Germany",https://www.meetup.com/Amazon-Web-Services-Rosenheim-Meetup-Gruppe/ ,General AWS User Groups,47.8539273,12.127262
AWS Sacramento,"Sacramento, California, USA",https://www.meetup.com/AWS-SACRAMENTO/,General AWS User Groups,38.5810606,-121.493895
AWS San Diego User Group,"San Diego, California, USA",https://www.meetup.com/Amazon-Web-Services-San-Diego-User-Group/,General AWS User Groups,32.7174202,-117.162772
AWS San Francisco,"San Francisco, California, USA",https://www.meetup.com/AWS-SANFRANCISCO/,General AWS User Groups,37.7792588,-122.4193286
AWS Saudi User Group,"Riyadh, Saudi Arabia",https://www.meetup.com/AWS-Saudi-user-group/,General AWS User Groups,23.333333,45.333333
AWS Security Community LATAM,"Lima, Peru",https://www.meetup.com/awssecuritylatam/,Security,-11.967575,-77.0113689
AWS Security User Group Malaysia,"Kuala Lumpur, Malaysia",https://www.meetup.com/aws-security-users-group-malaysia/,General AWS User Groups,3.1526589,101.7022205
AWS Security User Group Philippines,"Manila, Philippines",https://www.meetup.com/aws-security-users-group-manila/,General AWS User Groups,14.5904492,120.9803621
AWS Serverless Budapest,"Budapest, Hungary",https://www.meetup.com/aws-serverless-budapest/,General AWS User Groups,47.4813896,19.1460941
AWS Serverless User Group Myanmar,"Myanmar, Myanmar",https://www.facebook.com/groups/serverlessmm,Serverless,17.1750495,95.9999652
AWS South Wales User Group,"South Wales, United Kingdom",https://www.meetup.com/AWS-South-Wales-User-Group/,General AWS User Groups,51.4990882,-3.5654901
AWS Startup Community -Japan,Tokyo,https://aws-startup-community.connpass.com/,AWS Startups,35.6768601,139.7638947
AWS Stockholm,"Stockholm, Sweden",https://www.meetup.com/aws-stockholm/,General AWS User Groups,59.3251172,18.0710935
AWS Swiss User Group Basel,"Basel, Switzerland",https://www.meetup.com/meetup-group-CeXGtXcm/,General AWS User Groups,47.5581077,7.5878261
AWS Swiss User Group Bern,"Bern, Switzerland",https://www.meetup.com/AWS-Swiss-User-Group-Bern/,General AWS User Groups,46.9484742,7.4521749
AWS Swiss User Group Geneva,"Geneva, Switzerland",https://www.meetup.com/AWS-Swiss-User-Group-Geneva/,General AWS User Groups,46.2017559,6.1466014
AWS Swiss User Group Lausanne,"Lausanne, Switzerland",https://www.meetup.com/AWS-Swiss-User-Group-Lausanne/,General AWS User Groups,46.5218269,6.6327025
AWS Swiss User Group Zurich,"Zurich, Switzerland",https://www.meetup.com/awsugch/,General AWS User Groups,47.3744489,8.5410422
AWS Sydney Well-Architected User Group,"Sydney, Australia",https://www.meetup.com/aws-sydney-well-architected-user-group/,General AWS User Groups,-33.8698439,151.2082848
AWS Tunisia,"Tunisia, Tunisia",https://www.meetup.com/aws-user-group-tunisia/,General AWS User Groups,36.8002068,10.1857757
AWS UG Abu Dhabi,"Abu Dhabi, UAE",https://www.meetup.com/abu-dhabi-aws-user-group/,General AWS User Groups,24.4565693,54.33751
AWS UG Aurangabad,"Aurangabad, India",https://www.meetup.com/awsugaurangabad/,General AWS User Groups,24.80332,84.4110198
AWS UG Bajio,"Bajío, Mexico",https://www.meetup.com/AWS-User-Group-Bajio/,General AWS User Groups,21.1974919,-103.3668575
AWS UG Castelo Branco,"Castelo Branco, Portugal",https://www.meetup.com/aws-user-group-castelo-branco/,General AWS User Groups,39.9767583,-7.4460599
AWS UG Chisinau,"Chisinau, Moldova",https://www.meetup.com/amazon-web-services-user-group-chisinau/,General AWS User Groups,47.0245117,28.8322923
AWS UG Egypt,"Cairo, Egypt",https://www.meetup.com/awsegyptmeetup/,General AWS User Groups,30.0443879,31.2357257
AWS UG Islamabad,"Islamabad, Pakistan",https://www.linkedin.com/company/aws-ug-islamabad/,General AWS User Groups,33.6938118,73.0651511
AWS UG Jalisco,"Guadajalara, Mexico",https://www.meetup.com/Amazon-Web-Services-Jalisco/,General AWS User Groups,19.4285597,-99.1528148
AWS UG Jamaica,"Kingston, Jamaica",https://www.meetup.com/aws-user-group-jamaica/,General AWS User Groups,17.9712148,-76.7928128
AWS UG Maputo,"Maputo, Mozambique",https://www.meetup.com/aws-maputo/,General AWS User Groups,-25.966213,32.56745
AWS UG Medan,"Medan, Indonesia",https://www.meetup.com/aws-user-group-medan/events/301338842/,General AWS User Groups,3.5896654,98.6738261
AWS UG Mexico,"Ciudad de México, Mexico",https://www.meetup.com/Amazon-Web-Services-Mexico/,General AWS User Groups,19.4326296,-99.1331785
AWS UG Monterrey,"Monterrey, Mexico",https://www.meetup.com/AWS-User-Group-Monterrey/,General AWS User Groups,25.6802019,-100.315258
AWS UG Patagonia,"Patagonia, Argentina",https://www.meetup.com/patagonia-aws-cloud-user-group,General AWS User Groups,-51.6538867,-69.2921939
AWS UG Peru,"Lima, Peru",https://www.meetup.com/awsperu/,General AWS User Groups,-11.967575,-77.0113689
AWS UG Queretaro,"Querétaro, Mexico",https://www.meetup.com/Amazon-Web-Services-Queretaro/,General AWS User Groups,20.8052225,-99.8837376
AWS UG Security Argentina,"Buenos Aires, Argentina",https://www.meetup.com/aws-security-usergroup-argentina/,General AWS User Groups,-33.3657998,-60.19955
AWS UG Vadodara,"Vadodara, India",https://www.meetup.com/aws-community-vadodara/events/301313176/?%2F=,General AWS User Groups,22.2973142,73.1942567
AWS UG Wroclaw,"Wroclaw, Poland",https://www.meetup.com/pl-PL/aws-ug-wroclaw/,General AWS User Groups,51.1089776,17.0326689
AWS UG Zagreb,"Zagreb, Croatia",https://www.meetup.com/aws-user-group-zg/,General AWS User Groups,45.7982883,15.947751
AWS User Group - Virginia & Metro DC,"Herndon, VA, USA",https://www.meetup.com/amazon-web-services-dmv/,General AWS User Groups,38.9695316,-77.3859479
AWS User Group 3city,"Gdansk, Poland",https://www.meetup.com/aws-user-group-3city/,General AWS User Groups,54.4288032,18.798327
AWS User Group AI/ML Kenya,"Meru, Kenya",https://www.linkedin.com/company/aws-ai-ml-kenya/,General AWS User Groups,0.2254509,37.7772624
AWS User Group Abuja,"Abuja, Nigeria",https://www.meetup.com/aws-user-group-abuja/,General AWS User Groups,9.0643305,7.4892974
AWS User Group Addis Ababa,"Addis Ababa, Ethiopia",https://www.meetup.com/aws-user-group-addis-ababa/,General AWS User Groups,9.0358287,38.7524127
AWS User Group Adelaide,"Adelaide, Australia",https://www.meetup.com/Amazon-Web-Services-User-Group-Adelaide/,General AWS User Groups,-34.9281805,138.5999312
AWS User Group Ahmedabad,"Ahmedabad, India",https://genaiday.awsahmedabad.community/,General AWS User Groups,23.0215374,72.5800568
AWS User Group Ajolotes en la Nube,"Ciudad de Mexico, Mexico",https://www.meetup.com/ajolotesenlanube/,General AWS User Groups,19.4326296,-99.1331785
AWS User Group Alicante,"Alicante, Spain",https://www.meetup.com/aws-user-group-alicante/,General AWS User Groups,38.3436365,-0.4881708
AWS User Group Alto Tiête,"Alto Tiête, Brasil",https://www.meetup.com/aws-user-group-alto-tiete/,General AWS User Groups,-23.5401519,-46.2811661
AWS User Group Angola,"Luanda, Angola",https://www.meetup.com/aws-ug-angola/,General AWS User Groups,-8.8272699,13.2439512
AWS User Group Argentina,"Buenos Aires, Argentina",https://www.meetup.com/es/aws-girls-argentina/,General AWS User Groups,-33.3657998,-60.19955
AWS User Group Armenia,"Yerevan, Armenia",https://www.meetup.com/AWS-User-Group-Armenia,General AWS User Groups,40.1777112,44.5126233
AWS User Group Astana,"Astana, Kazakhstan",https://www.meetup.com/aws-user-group-astana/,General AWS User Groups,51.1159933,71.4677059
AWS User Group Asturias,"Asturias , Spain",https://www.meetup.com/aws-user-group-asturias/,General AWS User Groups,43.3133868,-5.94192
AWS User Group Asunción,"Asunción, Paraguay",https://www.meetup.com/aws-ug-paraguay/,General AWS User Groups,-25.2800459,-57.6343814
AWS User Group Auckland,"Auckland, New Zealand",https://www.meetup.com/AWS_NZ/,General AWS User Groups,-36.852095,174.7631803
AWS User Group Aurangabad,"India, Aurangabad",https://www.meetup.com/awsugaurangabad/events/301771279/?utm_medium=referral&utm_campaign=announceModal_savedevents_share_modal&utm_source=link,General AWS User Groups,24.80332,84.4110198
AWS User Group Azuero,"Azuero, Panamá",https://www.meetup.com/AWS-User-Group-Azuero/,General AWS User Groups,7.6920927,-80.5545897
AWS User Group Bamako,"Bamako, Mali",https://www.meetup.com/aws-user-group-bamako/,General AWS User Groups,12.5222192,-7.949552
AWS User Group Banja Luka,"Banja Luka, Bosnia & Herzegovina",https://www.meetup.com/AWS-User-Group-Banja-Luka/,General AWS User Groups,44.7720845,17.1917651
AWS User Group Bari,"Bari, Italy",https://www.meetup.com/AWS-User-Group-Bari/,General AWS User Groups,41.1257843,16.8620293
AWS User Group Basilicata,"Potenza, Basilicasta",https://www.meetup.com/it-IT/aws-user-group-basilicata/,General AWS User Groups,,
AWS User Group Beijing,"Beijing, China",https://www.caws-ug.cn/index.html#/Home/OrganizerParticular?CityName=%E5%8C%97%E4%BA%AC&CityId=10307,General AWS User Groups,40.190632,116.412144
AWS User Group Belem,"Iago, Cavalcante",https://www.meetup.com/aws-user-group-belem/,General AWS User Groups,,
AWS User Group Belgium,"Brussels, Belgium",https://www.meetup.com/AWS-User-Group-Belgium/,General AWS User Groups,50.8465573,4.351697
AWS User Group Belgrade,"Belgrade, Serbia",https://www.meetup.com/AWSUGBelgrade/,General AWS User Groups,44.8178131,20.4568974
AWS User Group Belize Central America,"San Ignacio, Belize",https://www.meetup.com/aws-user-group-belize,General AWS User Groups,17.1527588,-89.0761718
AWS User Group Bengaluru,"Bangalore, India",https://www.meetup.com/awsugblr/,General AWS User Groups,12.9881567,77.6226
AWS User Group Benin,"Johannesburg, South Africa",https://www.meetup.com/aws-user-group-benin/,General AWS User Groups,-26.205,28.049722
AWS User Group Bergen,"Bergen, Norway",https://www.meetup.com/AWS-User-Group-Bergen/,General AWS User Groups,60.3943055,5.3259192
AWS User Group Bergstrasse,"Bergstrasse, Germany",https://www.meetup.com/aws-user-group-bergstrasse/,General AWS User Groups,51.022514,13.7304814
AWS User Group Białystok,No location,ttps://www.meetup.com/pl-PL/aws-user-group-bialystok/,General AWS User Groups,59.895137,10.7691233
AWS User Group Birmingham,"Birmingham, Alabama, USA",https://www.meetup.com/Birmingham-AWS-Architects-Engineers-and-users/,General AWS User Groups,33.5206824,-86.8024326
AWS User Group Blumenau,"Blumenau, Brazil",https://www.meetup.com/aws-usergroup-blumenau/,General AWS User Groups,-26.9195567,-49.0658025
AWS User Group Bodensee,"Konstanz ,Germany",https://www.meetup.com/aws-usergroup-konstanz/,General AWS User Groups,47.659216,9.1750718
AWS User Group Bolivia,"La Paz, Bolivia",https://www.meetup.com/aws-user-group-la-paz/,General AWS User Groups,-34.7447305,-56.231526
AWS User Group Bonn,"Bonn, germany",https://www.meetup.com/de-DE/aws-user-group-bonn/,General AWS User Groups,50.7352621,7.1024635
AWS User Group Bosnia,"Mostar, Bosnia & Herzegovina",https://www.meetup.com/AWS-User-Group-Bosnia/,General AWS User Groups,43.3435855,17.8076584
AWS User Group Boyacá,"Boyacá, Colombia",https://www.meetup.com/awsugboyaca/,General AWS User Groups,5.6278979,-72.8268617
AWS User Group Brasilia,"Brasilia, Brasil",https://www.meetup.com/es/aws-user-group-brasilia/,General AWS User Groups,-10.3333333,-53.2
AWS User Group Bratislava,"Bratislava, Slovakia",https://www.meetup.com/aws-user-group-bratislava/,General AWS User Groups,48.1516988,17.1093063
AWS User Group Braunschweig,"Braunschweig, Germany",https://www.meetup.com/AWS-User-Group-Braunschweig2/,General AWS User Groups,52.2646577,10.5236066
AWS User Group Brazzaville,"Brazzaville, Congo",https://www.meetup.com/aws-users-group-brazzaville/,General AWS User Groups,-4.1890991,15.3223976
AWS User Group Brest,"Brest, France",https://www.meetup.com/brest-aws-user-group/,General AWS User Groups,48.3905283,-4.4860088
AWS User Group Brighton,"Brighton, UK",https://www.meetup.com/aws-brighton-user-group/,General AWS User Groups,50.8214626,-0.1400561
AWS User Group Brisbane,"Brisbane, Australia",https://www.meetup.com/aws-brisbane/events/301234231/?isFirstPublish=true,General AWS User Groups,-27.4689682,153.0234991
AWS User Group Bristol,"Bristol, UK",https://www.meetup.com/aws-user-group-bristol/,General AWS User Groups,51.4538022,-2.5972985
AWS User Group Budapest,"Budapest, Hungary",https://www.meetup.com/aws-user-group-hungary/,General AWS User Groups,47.4813896,19.1460941
AWS User Group Buea,"Buea, Cameroon",https://www.meetup.com/aws-user-group-buea/,General AWS User Groups,4.1567895,9.2315915
AWS User Group Buenos Aires,"Buenos Aires, Argentina",https://www.meetup.com/AWS-User-Group-Buenos-Aires/,General AWS User Groups,-33.3657998,-60.19955
AWS User Group BuildHers Philippines,"Makati, Philippines",https://www.meetup.com/AWS-Usergroup-PH-Women/,General AWS User Groups,14.5567949,121.0211226
AWS User Group CDMX,"Ciudad de Mexico, Mexico",https://www.meetup.com/es/aws-cdmx/,General AWS User Groups,19.4326296,-99.1331785
AWS User Group Calabria,"Cosenza, Italy",https://www.meetup.com/AWSusergroupCalabria/,General AWS User Groups,39.5966853,16.3330556
AWS User Group Cali,"Cali, Colombia",https://www.meetup.com/aws-user-group-cali/,General AWS User Groups,3.4519988,-76.5325259
AWS User Group Campinas,"Campinas, Brazil",https://www.meetup.com/awscampinas/,General AWS User Groups,-22.9056391,-47.059564
AWS User Group Canberra,"Canberra, Australia",https://meetup.com/awscbr,General AWS User Groups,-35.2975906,149.1012676
AWS User Group Cape Town,"Cape Town, South Africa",https://www.meetup.com/aws-cpt,General AWS User Groups,-33.9288301,18.4172197
AWS User Group Caracas,"Caracas, Venezuela",https://www.meetup.com/AWS-User-Group-Caracas/,General AWS User Groups,10.5060934,-66.9146008
AWS User Group Casablanca,Casablanca,https://www.meetup.com/aws-user-group-morocco/,General AWS User Groups,33.5945144,-7.6200284
AWS User Group Caserta,"Caserta, Italy",https://www.meetup.com/AWS-User-Group-Caserta/,General AWS User Groups,41.2035192,14.1168624
AWS User Group Catania,"Catania, Italy",https://www.meetup.com/AWS-User-Group-Catania/,General AWS User Groups,37.5023612,15.0873718
AWS User Group Central Visayas,"Cebu, Philippines",https://www.meetup.com/AWS-Usergroup-PH-Central-Visayas/,General AWS User Groups,10.47,123.83
AWS User Group Changji,"Changji, China",https://www.caws-ug.cn/index.html#/Home/OrganizerParticular?CityName=%E6%98%8C%E5%90%89&CityId=10326,General AWS User Groups,44.3478012,86.6870066
AWS User Group Chengdu,"Chengdu, China",https://www.caws-ug.cn/index.html#/Home/OrganizerParticular?CityName=%E6%88%90%E9%83%BD&CityId=10312,General AWS User Groups,30.6598628,104.0633717
AWS User Group Chennai,"Chennai, India",https://www.meetup.com/awsusergroup-chennai/,General AWS User Groups,13.0836939,80.270186
AWS User Group Chicago,"Chicago, USA",https://www.meetup.com/aws-chicago/,General AWS User Groups,41.8755616,-87.6244212
AWS User Group Chile,"Santiago, Chile",https://www.meetup.com/AWS-User-Group-Chile/,General AWS User Groups,-33.4377756,-70.6504502
AWS User Group Chimaltemango,No location,https://www.meetup.com/aws-chimaltenango/,General AWS User Groups,59.895137,10.7691233
AWS User Group Christchurch,"Christchurch, New Zealand",https://www.meetup.com/Christchurch-Amazon-Web-Services-Meetup/,General AWS User Groups,-43.530955,172.6364343
AWS User Group Circuito das Aguas Paulista,"Aguas Paulistas, Brazil",https://www.meetup.com/aws-user-group-circuito-das-aguas-paulista/,General AWS User Groups,-18.4201374,-42.9023258
AWS User Group Cloud Security NoVa,"Arlington, USA",https://www.meetup.com/aws-security-nova/,General AWS User Groups,32.7355816,-97.1071186
AWS User Group Cochabamba,"Cochabamba, Bolivia",https://www.meetup.com/aws-user-group-cochabamba/,General AWS User Groups,-17.3726224,-66.1360967
AWS User Group Coimbatore,"India, Coimbatore",https://www.meetup.com/awsugcoimbatore/events/301557365/?utm_medium=referral&utm_campaign=share-btn_savedevents_share_modal&utm_source=link,General AWS User Groups,11.0018115,76.9628425
AWS User Group Coimbatore,"Coimbatore, India",https://www.meetup.com/awsugcoimbatore/,General AWS User Groups,11.0018115,76.9628425
AWS User Group Colombo,"Colombo, Sri Lanka",https://www.meetup.com/awsugcmb/,General AWS User Groups,6.9388614,79.8542005
AWS User Group Conakry,"Conakry, Guinea",https://www.meetup.com/aws-user-group-conakry/,General AWS User Groups,9.5170602,-13.6998434
AWS User Group Congo Kinshasa,"Kinshasa, DR Congo",https://www.meetup.com/aws-user-group-congo-kinshasa/,General AWS User Groups,-4.3196982,15.3424196
AWS User Group Conneticut,"Hartford, CT, USA",https://www.meetup.com/aws-community-meetup-connecticut/,General AWS User Groups,41.764582,-72.6908547
AWS User Group Cordoba Argentina,"Cordoba, Argentina",https://www.meetup.com/AWS-User-Group-Cordoba-Argentina/,General AWS User Groups,-31.959109,-65.1900301
AWS User Group Cork,"Cork, Ireland",https://www.meetup.com/AWS-Usergroup-Cork/,General AWS User Groups,51.8985136,-8.4726423
AWS User Group Costa Rica,"San José, Costa Rica",https://www.meetup.com/aws-user-group-san-jose-costa-rica,General AWS User Groups,9.9325427,-84.0795782
AWS User Group Cremona,"Cremona, Italy",https://www.meetup.com/AWS-User-Group-Cremona/,General AWS User Groups,45.2208641,10.037038
AWS User Group Cuneo,"Cuneo, Italy",https://www.meetup.com/aws-cuneo/,General AWS User Groups,44.4580703,7.5581367
AWS User Group Curitiba,"Curitiba, Brazil",https://www.meetup.com/pt-BR/aws-curitiba-user-group/,General AWS User Groups,-25.4295963,-49.2712724
AWS User Group Córdoba,"Cordoba, Colombia",https://www.meetup.com/comunidad-aws-cordoba-col/,General AWS User Groups,8.3344713,-75.6666238
AWS User Group Dakar,"Dakar, Senegal",https://www.meetup.com/aws-user-group-dakar/,General AWS User Groups,14.693425,-17.447938
AWS User Group Davao,"Davao, Philippines",https://www.meetup.com/AWS-Davao/,General AWS User Groups,7.0648306,125.6080623
AWS User Group Dehradun,"Dehradun, India",https://www.linkedin.com/company/aws-user-group-dehradun/,General AWS User Groups,30.3255646,78.0436813
AWS User Group Delhi,"Delhi, India",https://www.meetup.com/AmazonAWS-Delhi/,General AWS User Groups,28.6273928,77.1716954
AWS User Group Des Moines,"Des Moines, Iowa, USA",https://www.meetup.com/AWS-User-Group-Des-Moines/,General AWS User Groups,41.5868654,-93.6249494
AWS User Group Dhaka,"Dhaka, Bangladesh",https://www.facebook.com/groups/AWSBangladesh,General AWS User Groups,23.8202931,90.3710408
AWS User Group Dominicana,"Dominicana, Dominican Republic",https://www.meetup.com/AWSUserGroupDominicana,General AWS User Groups,19.0974031,-70.3028026
AWS User Group Douala,"Douala, Cameroon",https://www.meetup.com/awsugdouala/events/300632019/,General AWS User Groups,4.0429389,9.7062018
AWS User Group East Bay,"Pleasanton, CA",https://www.meetup.com/AWS-EASTBAY/,General AWS User Groups,37.6624312,-121.8746789
AWS User Group East Midlands,"Nottingham, UK",https://www.meetup.com/east-midlands-aws-user-group/,General AWS User Groups,52.9534193,-1.1496461
AWS User Group El Progreso,"El Progreso, Guatemala",https://www.meetup.com/aws-elprogreso/,General AWS User Groups,14.9100436,-90.0682728
AWS User Group Ensenada,"Ensenada, Mexico",https://www.meetup.com/aws-user-group-ensenada/events/,General AWS User Groups,31.8658887,-116.602983
AWS User Group Ensenada,"Ensenada, México",https://www.meetup.com/aws-user-group-ensenada/,General AWS User Groups,31.8658887,-116.602983
AWS User Group Escuintla,"Escuintla, Guatemala",https://www.meetup.com/aws-user-group-escuintla/,General AWS User Groups,14.1921287,-91.0263791
AWS User Group Finland,"Helsinki, Finland",https://www.meetup.com/awsfin/,General AWS User Groups,60.1674881,24.9427473
AWS User Group Florianópolis,"Florianópolis, Brazil",https://www.meetup.com/awsusergroupfln,General AWS User Groups,-27.5973002,-48.5496098
AWS User Group Foz do Iguaçu,"Foz do Iguaçu, Brasil",https://www.meetup.com/aws-usergroup-oeste-e-fronteiras/,General AWS User Groups,-25.5304023,-54.5830692
AWS User Group Girls Peru,"Lima, Peru",https://www.linkedin.com/company/aws-girls-user-group-peru/,Women's User Groups,-11.967575,-77.0113689
AWS User Group Giza,"Giza, Egypt",https://www.meetup.com/aws-ug-giza/,General AWS User Groups,29.9870753,31.2118063
AWS User Group Gold Coast,"Gold Coast, Australia",https://www.meetup.com/awsgoldcoast/,General AWS User Groups,-28.0023731,153.4145987
AWS User Group Hannover,"Hannover, Germany",https://www.meetup.com/AWS-Usergroup-Hannover/,General AWS User Groups,52.3744779,9.7385532
"AWS User Group Harare, Zimbabwe","Harare, Zimbabwe",https://www.meetup.com/aws-user-group-harare-zimbabwe/,General AWS User Groups,-17.8567035,31.0601584
AWS User Group Hechi,"Hechi, China",https://www.caws-ug.cn/index.html#/Home/OrganizerParticular?CityName=%E6%B2%B3%E6%B1%A0&CityId=10354,General AWS User Groups,24.7169004,107.8857367
AWS User Group Heilbronn,"Heilbronn, Germany",https://www.meetup.com/aws-user-group-heilbronn/,General AWS User Groups,49.142291,9.218655
AWS User Group Hermosillo,"Hermosillo, Sonora",https://www.meetup.com/aws-user-group-hermosillo/,General AWS User Groups,29.0948207,-110.9692202
AWS User Group Ho Chi Minh City,"Ho Chi Minh City, Vietnam",https://www.facebook.com/groups/vietawscommunity,General AWS User Groups,10.7763897,106.7011391
AWS User Group Hong Kong,Hong Kong,https://www.facebook.com/groups/146633205522239/,General AWS User Groups,22.350627,114.1849161
AWS User Group Hyderabad,"Hyderabad, India",https://www.meetup.com/awsughyd/,General AWS User Groups,17.360589,78.4740613
AWS User Group Iceland,"Iceland, Iceland",https://www.facebook.com/groups/awsusergroupiceland,General AWS User Groups,64.9841821,-18.1059013
AWS User Group Indore,"Indore, India",https://indore.awscommunity.in/,General AWS User Groups,22.7203616,75.8681996
AWS User Group Interior São Paulo,"São Paulo, Brazil",https://www.meetup.com/aws-user-group-interior-sp,General AWS User Groups,-23.5506507,-46.6333824
AWS User Group IoT Singapore,"Singapore, Singapore",https://meetup.com/aws-iot-meetup-group,IoT,1.2899175,103.8519072
AWS User Group Jaipur,"Jaipur, India",https://www.linkedin.com/company/awsjaipur/,General AWS User Groups,26.9154576,75.8189817
AWS User Group Jakarta,"Jakarta, Indonesia",https://www.facebook.com/groups/awsindonesia/,General AWS User Groups,-6.1817,106.8207194
AWS User Group Jakarta,"Indonesia, Jakarta",https://genaitour.dev/#jakarta,General AWS User Groups,-6.1817,106.8207194
AWS User Group Jalisco,"Mexico, Guadalajara",https://www.meetup.com/amazon-web-services-jalisco/events/301681141,General AWS User Groups,20.6720375,-103.338396
AWS User Group Joinville,"Joinville, Brazil",https://www.meetup.com/aws-user-group-joinville/,General AWS User Groups,-26.3044898,-48.8486726
AWS User Group Jonkoping,"Jönköping, Sweden",https://www.meetup.com/AWS-User-Group-Jonkoping/,General AWS User Groups,57.7825634,14.165719
AWS User Group Kampala,"Kampala, Uganda",https://www.linkedin.com/groups/9521088/,General AWS User Groups,0.3177137,32.5813539
AWS User Group Kanpur,"Kanpur, India",https://www.meetup.com/aws-user-group-kanpur/,General AWS User Groups,26.4635198,80.246895
AWS User Group Karachi,"Karachi, Pakistan",https://www.linkedin.com/company/aws-ug-karachi,General AWS User Groups,24.8546842,67.0207055
AWS User Group Kazakhstan,"Kazakhstan, Kazakhstan",https://t.me/+kgJckRCxnxNjNjIy,General AWS User Groups,48.1012954,66.7780818
AWS User Group Kigali,"Kigali , Rwanda",https://www.meetup.com/aws-user-group-kigali/,General AWS User Groups,-1.8859597,30.1296751
AWS User Group Kochi,"Kochi, India",https://www.meetup.com/awsugkochi/,General AWS User Groups,9.9679032,76.2444378
AWS User Group Kolkata,"Kolkata, India",https://www.meetup.com/awsugkol/,General AWS User Groups,22.5726459,88.3638953
AWS User Group Kosice,"Kosice, Slovakia",https://www.meetup.com/aws-user-group-kosice/,General AWS User Groups,48.7172272,21.2496774
AWS User Group Kosovo,"Prishtinë, Kosovo",https://www.meetup.com/meetup-group-JsQCXAlY/,General AWS User Groups,42.6638771,21.1640849
AWS User Group Krakow,"Krakow, Poland",https://www.meetup.com/AWS-User-Group-Krakow/,General AWS User Groups,50.0469432,19.9971534
AWS User Group Kuopio,"Kuopio, Finland",https://www.meetup.com/aws-meetup-kuopio/,General AWS User Groups,62.8924601,27.6781839
AWS User Group Kyiv,"Kyiv, Ukraine",https://www.meetup.com/ru-RU/aws-user-group-kyiv/,General AWS User Groups,50.4485578,30.5271623
AWS User Group Kyrgyzstan,"Bishkek, Kyrgyzstan",https://t.me/AWSUserGroupKyrgyzstan,General AWS User Groups,42.8839461,74.5803166
AWS User Group La Paz,"La Paz, Bolivia",https://www.meetup.com/aws-user-group-la-paz/,General AWS User Groups,-34.7447305,-56.231526
AWS User Group Lahore,"Pakistan, Lahore",https://www.linkedin.com/events/awsusergrouplahoremeetup-genera7200003130804031488,General AWS User Groups,31.5656822,74.3141829
AWS User Group Lahore,"Lahore, Pakistan",https://awscommunity.pk/,General AWS User Groups,31.5656822,74.3141829
AWS User Group Lancashire,"Burnley, United Kingdom",https://www.meetup.com/aws-user-group-lancashire/,General AWS User Groups,53.7907262,-2.2439196
AWS User Group Lanzhou,"Lanzhou, China",https://www.caws-ug.cn/index.html#/Home/OrganizerParticular?CityName=%E5%85%B0%E5%B7%9E&CityId=10340,General AWS User Groups,36.474436,103.733224
AWS User Group Las Palmas,"Las Palmas de Gran Canarias, Spain",https://www.meetup.com/aws-las-palmas-user-group/,General AWS User Groups,28.0745806,-15.4514821
AWS User Group Latvia,"Riga, Latvia",https://www.meetup.com/AWS-User-Group-Latvia/,General AWS User Groups,56.9410784,24.0967042
AWS User Group Lebanon,"Beirut, Lebanon",https://www.meetup.com/aws-ug-lb/,General AWS User Groups,33.8892265,35.5025585
AWS User Group Leon,"Leon, Mexico",https://www.meetup.com/aws-user-group-leon-gto/,General AWS User Groups,21.121965,-101.6829766
AWS User Group Liberia,"Monrovia, Liberia",https://www.meetup.com/aws-liberia/,General AWS User Groups,6.328034,-10.797788
AWS User Group Linz,"Linz, Austria",https://www.meetup.com/AWS-User-Group-Linz/,General AWS User Groups,48.3059078,14.286198
AWS User Group Lisbon,"Lisbon, Portugal",https://www.meetup.com/AWS-User-Group-Lisbon/,General AWS User Groups,38.7077507,-9.1365919
AWS User Group Liverpool,"Liverpool, United Kingdom",https://www.meetup.com/AWS-User-Group-Liverpool/,General AWS User Groups,53.4071991,-2.99168
AWS User Group Ljubljana,"Ljubljana, Slovenia",https://www.meetup.com/AWS-User-Group-Ljubljana/,General AWS User Groups,46.0500268,14.5069289
AWS User Group Lodz,"Lodz, Poland",https://www.meetup.com/aws-user-group-łodź/,General AWS User Groups,51.7728245,19.4784857
"AWS User Group Lodz, Poland","Lodz, Poland",https://www.meetup.com/pl-PL/awsugpl/,General AWS User Groups,51.7728245,19.4784857
AWS User Group Lublin,"Lublin, Poland",https://www.meetup.com/aws-user-group-lublin/,General AWS User Groups,51.2181945,22.5546776
AWS User Group Lusaka,"Lusaka, Zambia",https://www.meetup.com/aws-ug-zambia/?viewAsMember=true,General AWS User Groups,-15.4163395,28.2818414
AWS User Group MG,"Minas Gerais, Brazil",https://www.meetup.com/AWSUserGroupMG ,General AWS User Groups,-18.5264844,-44.1588654
AWS User Group ML Peru,"Lima, Peru",https://www.meetup.com/aws-ug-machine-learning-latam/,General AWS User Groups,-11.967575,-77.0113689
AWS User Group Macedonia,"Skopje, Macedonia",https://www.facebook.com/groups/awsusergroupmacedonia,General AWS User Groups,41.9961816,21.4319213
AWS User Group Machine Learning Latam,"Lima, Peru",https://www.meetup.com/aws-ug-machine-learning-latam/,General AWS User Groups,-11.967575,-77.0113689
AWS User Group Madurai,"Madurai, India",https://www.meetup.com/aws-user-group-madurai/events/301254399/,General AWS User Groups,9.9261153,78.1140983
AWS User Group Malang,"Malang, Indonesia",https://www.meetup.com/aws-user-group-malang/,General AWS User Groups,-7.9771308,112.6340265
AWS User Group Malaysia,"Kuala Lumpur, Malaysia",https://www.facebook.com/groups/awsugmy/,General AWS User Groups,3.1526589,101.7022205
AWS User Group Malta,"Matla, CEE",https://www.meetup.com/aws-user-group-malta/,General AWS User Groups,,
AWS User Group Manizales,"Manizales, Colombia",https://www.meetup.com/aws-user-group-manizales/,General AWS User Groups,5.0743694,-75.5081167
AWS User Group Marche,"Ancona, Italy",https://www.meetup.com/AWS-User-Group-Marche/,General AWS User Groups,43.4801189,13.2187279
AWS User Group Maringá,"Maringá, Brazil",https://www.meetup.com/meetup-group-hafctguq/,General AWS User Groups,-23.425269,-51.9382078
AWS User Group Medan,"Medan, Indonesia",https://www.meetup.com/AWS-User-Group-Medan/,General AWS User Groups,3.5896654,98.6738261
AWS User Group Melbourne,"Melbourne, Australia",https://www.meetup.com/AWS-AUS/,General AWS User Groups,-37.8142454,144.9631732
AWS User Group Merida Ops,"Merida, Mexico",https://www.meetup.com/comunidad-aws-merida-yucatan/,General AWS User Groups,20.9670759,-89.6237402
AWS User Group Mexicali,"Mexicali, Mexico",https://www.meetup.com/aws-user-group-mexicali/,General AWS User Groups,32.6405247,-115.474899
AWS User Group Milano,"Milano, Italy",https://www.meetup.com/AWSusergroupItaly/,General AWS User Groups,45.4641943,9.1896346
AWS User Group Moldova,Moldova,https://www.meetup.com/amazon-web-services-user-group-md/,General AWS User Groups,47.2879608,28.5670941
AWS User Group Mongolia,"Ulaanbaatar, Mongolia",https://awsmongolia.com/,General AWS User Groups,47.9184676,106.9177016
AWS User Group Montenegro,"Podgorica, Montenegro",https://www.meetup.com/aws-ug-montenegro/,General AWS User Groups,42.4415238,19.2621081
AWS User Group Montevideo,"Montevideo, Uruguay",https://www.meetup.com/aws-user-group-montevideo/,General AWS User Groups,-34.9052121,-56.2114261
AWS User Group Mulhouse,"Mulhouse, France",https://www.meetup.com/fr-FR/mulhouse-aws-user-group/,General AWS User Groups,47.7467233,7.3389937
AWS User Group Mumbai,"India, Mumbai",https://konfhub.com/generative-ai-worksop-on-aws,General AWS User Groups,19.054999,72.8692035
AWS User Group Mumbai,"Mumbai, India",https://www.meetup.com/awsugmum/,General AWS User Groups,19.054999,72.8692035
AWS User Group Myanmar,"Myanmar, Myanmar",https://www.facebook.com/groups/AWSusergroupmyanmar/,General AWS User Groups,17.1750495,95.9999652
AWS User Group NCR,"Delhi, India",https://www.meetup.com/amazonaws-delhi/events/301171150/,General AWS User Groups,28.6273928,77.1716954
AWS User Group Nairobi,"Nairobi, Kenya",https://www.meetup.com/AWS-User-Group-Nairobi/,General AWS User Groups,-1.3026148,36.828842
AWS User Group Nancy,"Nancy, France",https://www.meetup.com/fr-FR/awsugnancy/,General AWS User Groups,48.6937223,6.1834097
AWS User Group Napoli,Italy,https://www.meetup.com/AWS-User-Group-Napoli/,General AWS User Groups,42.6384261,12.674297
AWS User Group Nashik,"Nashik, India",https://www.linkedin.com/company/aws-user-group-nashik/about/,General AWS User Groups,20.0112475,73.7902364
AWS User Group Neiva,"Neiva, Colombia",https://www.meetup.com/aws-users-group-neiva/,General AWS User Groups,3.0332554,-75.2794303
AWS User Group Nepal,"Kathmandu, Nepal",https://www.meetup.com/Amazon-Web-Services-AWS-User-Group-Nepal/,General AWS User Groups,27.708317,85.3205817
AWS User Group Niger,No location,https://www.meetup.com/aws-user-goup-niger/,General AWS User Groups,59.895137,10.7691233
AWS User Group Niger,"Niamey, Niger",https://www.linkedin.com/groups/12873776/,General AWS User Groups,13.5347128,2.0126899
AWS User Group North,"Manchester, United Kingdom",https://www.meetup.com/AWS-User-Group-North/,General AWS User Groups,53.4794892,-2.2451148
AWS User Group North East England,"North East England, United Kingdom",https://www.meetup.com/AWS-User-Group-North-East-England/,General AWS User Groups,55.1314061,-2.0722867
AWS User Group North East Scotland,"Dundee, UK",https://www.meetup.com/aws-user-group-north-east-scotland/events/301291936/,General AWS User Groups,56.4605938,-2.97019
AWS User Group North East Scotland,"UK, Dundee",https://www.meetup.com/aws-user-group-north-east-scotland/events/301291936,General AWS User Groups,56.4605938,-2.97019
AWS User Group Norway,"Oslo, Norway",https://www.meetup.com/AWS-User-Group-Norway/,General AWS User Groups,59.9133301,10.7389701
AWS User Group Novi Sad,"Novi Sad, Serbia",https://www.meetup.com/awsnovisad/,General AWS User Groups,45.2551338,19.8451756
AWS User Group Odessa,"Odessa, Ukraine",https://www.facebook.com/groups/191112881534813,General AWS User Groups,46.4843023,30.7322878
AWS User Group Olsztyn,"Olsztyn,  Poland",https://www.meetup.com/aws-user-group-olsztyn/,General AWS User Groups,53.7766839,20.476507
AWS User Group Orebro,"Orebro, Sweden",https://www.meetup.com/aws-user-group-orebro/,General AWS User Groups,59.2747287,15.2151181
AWS User Group Oresund,"Malmö, Sweden",https://www.meetup.com/AWS-User-Group-Oresund/,General AWS User Groups,55.6052931,13.0001566
AWS User Group Orizaba,"Orizaba, Mexico",https://www.meetup.com/aws-user-group-orizaba/,General AWS User Groups,18.8497366,-97.1060062
AWS User Group Padova,"Padova, Italy",https://www.meetup.com/aws-user-group-padova/,General AWS User Groups,45.391408,11.8058487
AWS User Group Palermo,"Palermo, Italy",https://www.meetup.com/it-IT/aws-user-group-palermo/,General AWS User Groups,38.1112268,13.3524434
AWS User Group Palma Spain,"Palma, Spain",https://www.meetup.com/Amazon-Web-Services-User-Group-Palma-Spain/,General AWS User Groups,39.5695818,2.6500745
AWS User Group Panama,"Panamá, Panamá",https://www.meetup.com/AWS-User-Group-Panama/,General AWS User Groups,8.559559,-81.1308434
AWS User Group Pavia,"Pavia, Italy",https://www.meetup.com/awsusergrouppavia/,General AWS User Groups,45.0368546,9.1378251
AWS User Group Perth,"Perth, Australia",https://www.meetup.com/Amazon-Web-Services-User-Group/,General AWS User Groups,-31.9558933,115.8605855
AWS User Group Philippines,"Manila, Philippines",https://www.meetup.com/AWS-User-Group-Philippines/ ,General AWS User Groups,14.5904492,120.9803621
AWS User Group Phnom Penh,"Phnom Penh, Cambodia",https://www.facebook.com/groups/aws.ug.phnompenh/,General AWS User Groups,11.549112,104.896529
AWS User Group Piaui,"Piaui, Brazil",https://www.meetup.com/aws-user-group-piaui/,General AWS User Groups,-7.6992782,-42.5043787
AWS User Group Plymouth,"Plymouth, United Kingdom",https://www.meetup.com/amazon-web-services-aws-user-group-plymouth/,General AWS User Groups,50.3714122,-4.1424451
AWS User Group Poland,"Warszawa, Poland",https://www.meetup.com/AWSUGPL/,General AWS User Groups,52.2337172,21.0714322
AWS User Group Puebla,"Puebla, Mexico",https://www.meetup.com/awsugpue/,General AWS User Groups,18.833333,-98.0
AWS User Group Puerto Rico,"Puerto Rico, Puerto Rico",https://www.meetup.com/amazon-web-services-puerto-rico-user-group/,General AWS User Groups,-26.8167893,-55.0266912
AWS User Group Pune,"Pune, India",https://www.meetup.com/aws-user-group-pune/events/301310699/,General AWS User Groups,18.5213738,73.8545071
AWS User Group Punjab,"Punjab, India",https://aws-pb.khalsa.tech/,General AWS User Groups,30.9293211,75.5004841
AWS User Group Pwani,"Mombasa, Kenya",https://www.meetup.com/awsugpwani/events/301173626/,General AWS User Groups,-4.05052,39.667169
AWS User Group Qatar,"Doha, Qatar",https://www.meetup.com/aws-user-group-qatar/,General AWS User Groups,25.2856329,51.5264162
AWS User Group Queretaro,"Queretaro, Mexico",https://www.meetup.com/es/amazon-web-services-queretaro/,General AWS User Groups,20.8052225,-99.8837376
AWS User Group Québec City,"Québec, Canada",https://www.meetup.com/quebeccity-aws-user-group/,General AWS User Groups,52.4760892,-71.8258668
AWS User Group Rajkot,"Rajkot, India",https://bit.ly/awscommunityrajkot,General AWS User Groups,22.3053263,70.8028377
AWS User Group Recife,"Recife, Brazil",https://www.meetup.com/pt-BR/aws-user-group-recife/,General AWS User Groups,-8.0584933,-34.8848193
AWS User Group Reykjavik,"Reykjavik, Iceland",https://www.meetup.com/aws-user-group-reykjavik/,General AWS User Groups,64.1055168,-21.8228825
AWS User Group Riga,"Riga, Latvia",https://www.meetup.com/aws-latvia-user-group/,General AWS User Groups,56.9410784,24.0967042
AWS User Group Roma,"Rome, Italy",https://www.meetup.com/Amazon-Web-Services-Rome/,General AWS User Groups,41.8933203,12.4829321
AWS User Group Saarbrücken,"Saarbrücken, Germany",https://www.meetup.com/aws-user-group-saarland/,General AWS User Groups,49.234362,6.996379
AWS User Group Salento,"Salento, Italy",https://www.meetup.com/it-IT/aws-user-group-salento/,General AWS User Groups,40.248604,15.190058
AWS User Group Saltillo,"Saltillo, México",https://www.meetup.com/aws-user-group-saltillo/,General AWS User Groups,25.4230425,-100.9927509
AWS User Group San Salvador,"San Salvador, El Salvador",https://www.meetup.com/AWS-User-Group-San-Salvador,General AWS User Groups,13.6989939,-89.1914249
AWS User Group Sarajevo,"Sarajevo, Bosnia & Herzegovina",https://www.meetup.com/AWS-User-Group-Sarajevo/,General AWS User Groups,43.8519774,18.3866868
AWS User Group Scotland,"Edinburgh, United Kingdom",https://www.meetup.com/Amazon-Web-Services-User-Group-Scotland/,General AWS User Groups,55.9533456,-3.1883749
AWS User Group Seattle | AWSUGSEA,"Seattle, USA",https://www.meetup.com/AWS-Seattle-OfficialEvents/,General AWS User Groups,47.6038321,-122.330062
AWS User Group Sergipe,"Aracaju, Brasil",https://www.meetup.com/aws-user-group-sergipe/,General AWS User Groups,-10.9162061,-37.0774655
AWS User Group Serverless NYC,"New York City, New York, USA",https://www.meetup.com/aws-serverless-group-new-york/,General AWS User Groups,40.7127281,-74.0060152
AWS User Group Sevilla,"Sevilla, Spain",https://www.meetup.com/aws-user-group-sevilla/,General AWS User Groups,37.3886303,-5.9953403
AWS User Group Shanghai,"Shanghai, China",https://www.caws-ug.cn,General AWS User Groups,31.2312707,121.4700152
AWS User Group Sheffield,Sheffield,https://www.meetup.com/AWSSheffield/,General AWS User Groups,53.3806626,-1.4702278
AWS User Group Shenzhen,"Shenzhen, China",https://www.caws-ug.cn/index.html#/Home/OrganizerParticular?CityName=%E6%B7%B1%E5%9C%B3&CityId=10310,General AWS User Groups,22.5445741,114.0545429
AWS User Group Silesia,"Silesia, Katowice, Poland",https://www.meetup.com/aws-user-group-silesia,General AWS User Groups,50.2606627,19.0292035
AWS User Group Singapore,"Singapore, Singapore",https://www.meetup.com/AWS-SG/,General AWS User Groups,1.2899175,103.8519072
AWS User Group Slovakia,"Bratislava, Slovakia",https://www.meetup.com/AWS-User-Group-Slovakia/,General AWS User Groups,48.1516988,17.1093063
AWS User Group Stavanger,"Stavanger, Norway",https://www.meetup.com/AWS-User-Group-Stavanger/,General AWS User Groups,58.9684334,5.7540033
AWS User Group Strasbourg,"Strasbourg, France",https://www.meetup.com/AWS-User-Group-Strasbourg/,General AWS User Groups,48.584614,7.7507127
AWS User Group Stuttgart,"Stuttgart, Germany",https://www.meetup.com/AWS-UserGroup-Stuttgart/,General AWS User Groups,48.7784485,9.1800132
AWS User Group Surabaya,"Surabaya, Indonesia",https://www.meetup.com/AWS-User-Group-Surabaya/,General AWS User Groups,-7.2459717,112.7378266
AWS User Group Surat,"Surat, India",https://www.meetup.com/surat-aws-user-group/,General AWS User Groups,21.2094892,72.8317058
AWS User Group Surat,"India, Surat",https://www.meetup.com/surat-aws-user-group/events/302034735/?utm_medium=referral&utm_campaign=share-btn_savedevents_share_modal&utm_source=link,General AWS User Groups,21.2094892,72.8317058
AWS User Group Sydney,"Sydney, Australia",https://www.meetup.com/AWS-Sydney/,General AWS User Groups,-33.8698439,151.2082848
AWS User Group Tacna,"Tacna, Peru",https://www.meetup.com/aws-user-group-tacna/,General AWS User Groups,-18.01386,-70.2511032
AWS User Group Taiwan,"Taiwan, Taipei",https://awscmd.tw/,General AWS User Groups,25.0375198,121.5636796
AWS User Group Taiwan,Taiwan,https://www.facebook.com/groups/awsugtw/,General AWS User Groups,23.5983227,120.8353769
AWS User Group Tampere,"Tampere, Finland",https://www.meetup.com/AWS-User-Group-Tampere/,General AWS User Groups,61.4980214,23.7603118
AWS User Group Tashkent,"Tashkent, Uzbekistan",https://www.meetup.com/aws-tashkent/,General AWS User Groups,41.3123363,69.2787079
AWS User Group Tashkent,"Uzbekistan, Tashkent",https://www.meetup.com/aws-tashkent/events/301460462,General AWS User Groups,41.3123363,69.2787079
AWS User Group Tbilisi,"Tbilisi, Georgia",https://www.meetup.com/AWS-User-Group-Tbilisi/,General AWS User Groups,41.6934591,44.8014495
AWS User Group Thailand,"Bangkok, Thailand",https://www.facebook.com/groups/696722700418928/,General AWS User Groups,13.7524938,100.4935089
AWS User Group Thames Valley,"Thames Valley, United Kingdom",https://www.meetup.com/AWS-User-Group-Thames-Valley/,General AWS User Groups,51.7624591,-1.1779788
AWS User Group The Netherlands,"Netherlands, Haarlem",https://www.meetup.com/awsugnl/events/301382265/,General AWS User Groups,52.3885317,4.6388048
AWS User Group Ticino,"Lugano, Switzerland",https://www.meetup.com/AWS-User-Group-Ticino/,General AWS User Groups,46.0050102,8.9520281
AWS User Group Tijuana,"Tijuana, Mexico",https://www.meetup.com/aws-ug-tijuana/events/past/,General AWS User Groups,32.5317397,-117.019529
AWS User Group Tirane,"Tiranë, Albania",https://www.meetup.com/AWS-User-Group-Tirane/,General AWS User Groups,41.3281482,19.8184435
AWS User Group Tirupati,"Tirupati, India",https://www.meetup.com/aws-user-group-tirupati/,General AWS User Groups,13.6316368,79.4231711
AWS User Group Torino,"Turin, Italy",https://www.meetup.com/AWS-User-Group-Torino/,General AWS User Groups,45.0249632,7.6718367
AWS User Group Triangulo Mineiro,"Uberlandia, Brazil",https://www.meetup.com/aws-user-group-triangulo-mineiro/,General AWS User Groups,-18.9188041,-48.2767837
AWS User Group Trivandrum,"Trivandrum, India",https://www.meetup.com/awsug-tvm/,General AWS User Groups,8.4882267,76.947551
AWS User Group Trondheim,"Trondheim, Norway",https://www.meetup.com/AWS-User-Group-Trondheim,General AWS User Groups,63.4304475,10.3952118
AWS User Group Trujillo,"Trujillo, Peru",https://www.meetup.com/aws-ug-lima/,General AWS User Groups,-8.1116778,-79.0287742
AWS User Group Trujillo,"Trujillo, Peru",https://www.meetup.com/es/aws-ug-trujillo/,General AWS User Groups,-8.1116778,-79.0287742
AWS User Group Tubarão,"Tubarão, Brasil",https://www.meetup.com/tubaraoops/,General AWS User Groups,-28.471488,-49.014132
AWS User Group Turkey,"Istanbul, Turkey",https://www.meetup.com/AWS-User-Group-Turkey/,General AWS User Groups,41.006381,28.9758715
AWS User Group UK,"London, United Kingdom",https://www.meetup.com/AWSUGUK/,General AWS User Groups,51.4893335,-0.1440551
AWS User Group Udaipur,"Udaipur, India",https://www.meetup.com/aws-user-groups-udaipur/,General AWS User Groups,24.578721,73.6862571
AWS User Group Ukraine Lviv,"Lviv, Ukraine",https://www.meetup.com/Official-AWS-User-Group-Lviv-Ukraine/,General AWS User Groups,49.4810342,22.7015261
AWS User Group Ulm Neu Ulm,"Ulm/Neu-Ulm, Germany",https://www.meetup.com/AWS-User-Group-Ulm-Neu-Ulm/,General AWS User Groups,48.2929309,10.1698105
AWS User Group Vadodara,"Vadodara, India",https://www.meetup.com/AWS-Community-Vadodara/,General AWS User Groups,22.2973142,73.1942567
AWS User Group Venezia,"Venezia, Italy",https://www.meetup.com/aws-user-group-venezia/,https://www.meetup.com/aws-user-group-venezia/,45.6333903,13.0449188
AWS User Group Vietnam,"Vietnam, Vietnam",https://www.facebook.com/AmazonWebServiceVietnam,General AWS User Groups,15.9266657,107.9650855
AWS User Group Villahermosa,"Villahermosa, México",https://www.meetup.com/aws-ug-villahermosa/,General AWS User Groups,17.9884657,-92.9366326
AWS User Group Warsaw,"Warsaw, Poland",https://www.meetup.com/pl-PL/aws-user-group-warsaw/,General AWS User Groups,52.2337172,21.0714322
AWS User Group Wellington,"Wellington, New Zealand",https://www.meetup.com/Amazon-Web-Services-Wellington-User-Group/,General AWS User Groups,-41.2887953,174.7772114
AWS User Group West Midlands,"Birmingham, United Kingdom",https://www.meetup.com/AWS-User-Group-West-Midlands/,General AWS User Groups,52.4796992,-1.9026911
AWS User Group Western Visayas,"Bacolod, Philippines",https://www.meetup.com/AWS-Usergroup-PH-Western-Visayas/,General AWS User Groups,10.6762836,122.9513786
AWS User Group Wilmington,"Wilmington, USA",https://www.meetup.com/wilmington-aws-user-group/,General AWS User Groups,39.7459468,-75.546589
AWS User Group Women Bay Area,"San Francisco, California, USA",https://www.meetup.com/aws-women-bay-area/,General AWS User Groups,37.7792588,-122.4193286
AWS User Group Women Ecuador,"Quito, Ecuador",https://www.meetup.com/aws-women-ecuador/,General AWS User Groups,-0.2605617,-78.5495219
AWS User Group Women in Tech India,India,https://www.meetup.com/aws-user-group-women-in-tech-india/,General AWS User Groups,22.3511148,78.6677428
AWS User Group Wuhan,"Wuhan, China",https://www.caws-ug.cn/index.html#/Home/OrganizerParticular?CityName=%E6%AD%A6%E6%B1%89&CityId=10315,General AWS User Groups,30.5951051,114.2999353
AWS User Group Xi'an,"Xi'an, China",https://www.caws-ug.cn/index.html#/Home/OrganizerParticular?CityName=%E8%A5%BF%E5%AE%89&CityId=10311,General AWS User Groups,34.261004,108.9423363
AWS User Group Yaounde,"Yaounde, Cameroon",https://www.meetup.com/aws-user-group-yaounde/,General AWS User Groups,3.8689867,11.5213344
AWS Usergroup Belfast,"Belfast, United Kingdom",https://www.meetup.com/AWS-Usergroup-Belfast/,General AWS User Groups,54.5975804,-5.9277097
AWS Usergroup Brisbane,"Australia, Brisbane",https://www.meetup.com/aws-brisbane/events/301234231/?isFirstPublish=true,General AWS User Groups,-27.4689682,153.0234991
AWS Usergroup Munsterland,"Münster, Germany",https://www.meetup.com/AWS-Usergroup-Munsterland/,General AWS User Groups,51.9625101,7.6251879
AWS Users Cyprus,"Nicosia, Cyprus",https://www.meetup.com/aws-users-cyprus/,General AWS User Groups,35.1746503,33.3638783
AWS Users Group CE,"Ceará, Brazil",https://www.meetup.com/AWS-Users-Group-CE/,General AWS User Groups,-5.3264703,-39.7156073
AWS Valencia,"Valencia, Spain",https://www.meetup.com/AWS-Valencia/,General AWS User Groups,39.4697065,-0.3763353
AWS Vienna,"Vienna, Austria",https://www.meetup.com/Amazon-Web-Services-AWS-Vienna/,General AWS User Groups,48.2083537,16.3725042
AWS Well Architected User Group Auckland,"Auckland, New Zealand",https://www.meetup.com/aws-auckland-well-architected-user-group/,General AWS User Groups,-36.852095,174.7631803
AWS Well Architected User Group Canberra,"Canberra, Australia",https://www.meetup.com/aws-canberra-well-architected-user-group/,General AWS User Groups,-35.2975906,149.1012676
AWS Wollongong User Group,"Wollongong, Australia",https://www.meetup.com/aws-wollongong/,General AWS User Groups,-34.4243941,150.89385
AWS Women Colombia User Group,"Bogotá, Colombia",https://www.meetup.com/es/aws-women-colombia-user-group/,Women's User Groups,4.7110053,-74.0720857
AWS Women in Tech User Group Australia,No location,https://www.meetup.com/aws-women-in-tech-user-group-australia/,General AWS User Groups,59.895137,10.7691233
AWS Women in Tech User Group Lahore,"Lahore, Pakistan",https://www.meetup.com/aws-user-group-women-in-tech-lahore/,General AWS User Groups,31.5656822,74.3141829
AWS Women's User Group Berlin,"Berlin, Germany",https://www.meetup.com/berlin-amazon-web-services-meetup-group/,General AWS User Groups,52.510885,13.3989367
AWS Womens User Group Munich,"Munich, Germany",https://www.meetup.com/de-DE/aws-womens-user-group-munich/,General AWS User Groups,48.1371079,11.5753822
AWS Womens User Group Tunisia,Tunisia,https://www.meetup.com/aws-womens-user-group-tunisia/,General AWS User Groups,36.8002068,10.1857757
AWS Womens User Group UAE,"Dubai, UAE",https://www.linkedin.com/company/aws-womens-user-group-uae/,General AWS User Groups,25.2277355,55.1749996
AWS Womens User Group UAE,"Dubai, United Arab Emirates",https://www.meetup.com/aws-womens-user-group-uae/,General AWS User Groups,25.2277355,55.1749996
AWS Zaragoza User Group,"Zaragoza, Spain",https://www.meetup.com/awszgz/,General AWS User Groups,41.6521342,-0.8809428
AWSKRUG Architect,Korea,https://github.com/awskrug/architecture-group,EC2 / Windows,37.9528488,126.7331171
AWSKRUG Beginner,Korea,https://github.com/awskrug/meetups/wiki/AWSKRUG-Beginners,General AWS User Groups,37.9528488,126.7331171
AWSKRUG CLI,Korea,https://github.com/awskrug/cli-group,General AWS User Groups,37.9528488,126.7331171
AWSKRUG Container,Korea,https://github.com/awskrug/container-group,Containers,37.9528488,126.7331171
AWSKRUG DataScience,Korea,https://github.com/awskrug/datascience-group,Analytics,37.9528488,126.7331171
AWSKRUG Database,Korea,https://github.com/awskrug/database-group,Databases,37.9528488,126.7331171
AWSKRUG DeepRacer,Korea,https://github.com/awskrug/deepracer-group,AI/ML,37.9528488,126.7331171
AWSKRUG DevAx Connect,Korea,https://github.com/awskrug/meetups/wiki/AWSKRUG-DevAx-Connect,Customer Enablement / ProServe,37.9528488,126.7331171
AWSKRUG DevOps,Korea,https://github.com/awskrug/devops-group,General AWS User Groups,37.9528488,126.7331171
AWSKRUG Enterprise,Korea,https://github.com/awskrug/meetups/wiki/AWSKRUG-Enterprise,Migration,37.9528488,126.7331171
AWSKRUG Facebook,Korea,https://www.facebook.com/group/awskrug,General AWS User Groups,37.9528488,126.7331171
AWSKRUG Guro,Korea,https://github.com/awskrug/gudi-group,General AWS User Groups,37.9528488,126.7331171
AWSKRUG Jamsil,Korea,https://github.com/awskrug/meetups/wiki/AWSKRUG-Jamsil,General AWS User Groups,37.9528488,126.7331171
AWSKRUG ML Study,Korea,https://github.com/awskrug/meetups/wiki/AWSKRUG-ML-Study,AI/ML,37.9528488,126.7331171
AWSKRUG Naver,Korea,https://cafe.naver.com/awskrug,General AWS User Groups,37.9528488,126.7331171
AWSKRUG Pankyo,Korea,https://github.com/awskrug/pangyo-group,General AWS User Groups,37.9528488,126.7331171
AWSKRUG Security,Korea,https://github.com/awskrug/meetups/wiki/AWSKRUG-Security,Security,37.9528488,126.7331171
AWSKRUG Serverless,Korea,https://github.com/awskrug/serverless-group,Serverless,37.9528488,126.7331171
AWSKRUG Slack,Korea,https://awskrug.slack.com,General AWS User Groups,37.9528488,126.7331171
AWSKRUG Startups,Korea,https://github.com/awskrug/meetups/wiki/AWSKRUG-Startups,General AWS User Groups,37.9528488,126.7331171
AWSKRUG University Students (AUSG),Korea,https://ausg.me/,General AWS User Groups,37.9528488,126.7331171
AWSKRUG iot,"South Korea, Seoul",https://www.meetup.com/ko-KR/awskrug/events/301974601,General AWS User Groups,37.5666791,126.9782914
Aix-Marseille AWS User Group,"Marseille, France",https://www.meetup.com/Marseille-AWS-User-Group/,General AWS User Groups,43.2961743,5.3699525
Algarve AWS User Group,"Loulé, Portugal",https://www.meetup.com/loule-cloud-computing-meetup-group/,General AWS User Groups,37.1395485,-8.0232598
Amazon Connect State of California Government User Group,No location,https://www.meetup.com/amazon-connect-state-of-california-government-user-group/,General AWS User Groups,59.895137,10.7691233
Amazon OpenSearch Service User Group,"New York City, New York, USA",https://www.meetup.com/amazon-opensearch-user-group/,General AWS User Groups,40.7127281,-74.0060152
Amazon Web Services (AWS) San Antonio Users Group,"San Antonio, Texas, USA",https://www.meetup.com/Amazon-Web-Services-AWS-San-Antonio-Users-Group/,General AWS User Groups,29.4246002,-98.4951405
Amazon Web Services (AWS) User Group - PITTSBURGH,"Pittsburgh, Pennsylvania, USA",https://www.meetup.com/Pittsburgh-Amazon-Web-Services-AWS-Users/,General AWS User Groups,40.4416941,-79.9900861
Amazon Web Services - Frederick,"Frederick, Maryland, USA",https://www.meetup.com/awsfrederick/,General AWS User Groups,39.415779,-77.4127562
Amplify Japan User Group,Tokyo,https://aws-amplify-jp.github.io/,Front-End Web & Mobile,35.6768601,139.7638947
Atlanta AWS Builders (Buckhead),"Atlanta, Georgia, USA",https://www.meetup.com/Atlanta-AWS-Builders/,General AWS User Groups,33.7489924,-84.3902644
Auckland AWS Tools and Programming,"Auckland, Australia",https://www.meetup.com/auckland-aws-tools-meetup/,General AWS User Groups,-36.8622961,174.7190716
Auckland AWS Tools and Programming User Group,"Auckland, New Zealand",https://www.meetup.com/auckland-aws-tools-meetup/,General AWS User Groups,-36.852095,174.7631803
Austin AWS Users,"Austin, Texas, USA",https://www.meetup.com/Austin-AWS-Users/,General AWS User Groups,30.2711286,-97.7436995
Barcelona AWS Meetup,"Barcelona, Spain",https://www.meetup.com/Barcelona-Amazon-Web-Services-Meetup/,General AWS User Groups,41.3828939,2.1774322
Bay Area AWS User Group,"San Jose, California, USA",https://www.meetup.com/Bay-Area-AWS-User-Group/,General AWS User Groups,37.3361663,-121.890591
BelfAWSt Meetup,"Nothern Ireland, UK",https://www.meetup.com/belfawst-meetup/,General AWS User Groups,,
Berlin AWS User Group,"Berlin, Germany",https://www.meetup.com/aws-berlin/,General AWS User Groups,52.510885,13.3989367
Birmingham AWS Meetup,"Birmingham, Alabama, USA",https://www.meetup.com/BirminghamAWS/,General AWS User Groups,33.5206824,-86.8024326
Bordeaux AWS User Group,"Bordeaux, France",https://www.meetup.com/fr-FR/Bordeaux-Amazon-Web-Services,General AWS User Groups,44.841225,-0.5800364
Brisbane Data Engineering Meetup,"Brisbane, Australia",https://www.meetup.com/Brisbane-Data-Engineering-meetup/,Analytics,-27.4689682,153.0234991
Bucharest AWS User Group,"Bucharest, Romania",https://www.meetup.com/Bucharest-AWS-User-Group/,General AWS User Groups,44.4361414,26.1027202
Calgary AWS User Group,"Calgary, Alberta, Canada",https://www.meetup.com/Calgary-AWS-User-Group/,General AWS User Groups,51.0456064,-114.057541
Cape Town AWS Meetup,"South Africa, Cape Town",https://www.meetup.com/cape-town-aws/events/301954698/?utm_medium=referral&utm_campaign=share-btn_savedevents_share_modal&utm_source=link,General AWS User Groups,-33.9288301,18.4172197
Charleston Amazon Web Services (AWS),"Mount Pleasant, USA",https://www.meetup.com/chs-amazon-web-services/,General AWS User Groups,33.1570582,-94.9694007
Chicago AWS User Group,"Chicago, Illinois, USA",https://www.eventbrite.com/o/chicago-aws-user-group-16580522862,General AWS User Groups,41.8755616,-87.6244212
Cologne AWS User Group,"Köln, Germany",https://www.meetup.com/aws-cologne/,General AWS User Groups,50.938361,6.959974
Columbia AWS User Group,"Columbia, South Carolina, USA",https://www.meetup.com/columbia-aws-users-group/,General AWS User Groups,34.000754,-81.0352313
Columbus AWS AWS Meetup,"Columbus, Ohio, USA",https://www.meetup.com/Columbus-AWS-Amazon-Web-Services-Meetup/,General AWS User Groups,39.9622601,-83.0007065
Copenhagen AWS User Group,"Copenhagen, Denmark",https://www.meetup.com/es-ES/Copenhagen-AWS-User-Group/,General AWS User Groups,55.6867243,12.5700724
Criciumaops,"Criciúma, Brazil",https://www.linkedin.com/company/criciumaops,General AWS User Groups,-28.6789941,-49.3695627
Côte d’Azur AWS User Group,"Côte d’Azur, France",https://www.meetup.com/AWS-cote-dAzur/,General AWS User Groups,43.4264175,6.7226618
Dortmund AWS User Group,"Dortmund, Germany",https://www.meetup.com/Dortmund-AWS-User-Group/,General AWS User Groups,51.5142273,7.4652789
Dresden AWS User Group,"Dresden, Germany",https://www.meetup.com/Dresden-AWS-User-Group,General AWS User Groups,51.0493286,13.7381437
Education-JAWS,"Tokyo, Japan",https://education-jaws.connpass.com/,General AWS User Groups,35.6768601,139.7638947
Embajadoras Cloud,"Mexico City, Mexico",https://www.meetup.com/Embajadoras-Cloud,Women's User Groups,19.3207722,-99.1514678
Florida AWS Security Users Meetup Group,"Orlando, USA",https://www.meetup.com/florida-aws-security-meetup-group/,General AWS User Groups,28.5421109,-81.3790304
Frankfurt AWS User Group,"Frankfurt, Germany",https://www.meetup.com/aws-frankfurt/,General AWS User Groups,50.1106444,8.6820917
Game Tech - Amazon Lumberyard - Sul Brasil,"Florianópolis, Brazil",https://www.meetup.com/gametech/,Game Tech,-27.5973002,-48.5496098
Gen AI Philippines,"Philippines, Makati",https://www.facebook.com/photo?fbid=122138560730255386&set=a.122103541016255386,General AWS User Groups,14.5567949,121.0211226
Greater Philadelphia AWS User Group,"Philadelphia, USA",https://www.meetup.com/gpawsug/events/300943087/,General AWS User Groups,39.9527237,-75.1635262
Greater Philadelphia Area User Group,"Philadelphia, Pennsylvania, USA",https://www.meetup.com/gpawsug/,General AWS User Groups,39.9527237,-75.1635262
Grenoble AWS User Group,"Grenoble, France",https://www.meetup.com/Grenoble-AWS-User-Group/,General AWS User Groups,45.1875602,5.7357819
Hamburg AWS User Group,"Hamburg, Germany",https://www.meetup.com/awsugHH/,General AWS User Groups,53.550341,10.000654
Hampton Roads Amazon Web Services User Group,"Virginia Beach, USA",https://www.meetup.com/Hampton-Roads-Amazon-Web-Services-User-Group/,General AWS User Groups,36.8496579,-75.9760751
Ilmenau AWS Meetup,"Ilmenau, Germany",https://www.meetup.com/Ilmenau-Amazon-Web-Services-Meetup/,General AWS User Groups,50.6867695,10.9142385
Indy AWS,"Indianapolis, Indiana, USA",https://www.meetup.com/IndyAWS/,General AWS User Groups,39.7683331,-86.1583502
Ipswich AWS User Group,"Ipswich, United Kingdom",https://www.meetup.com/Ipswich-AWS-User-Group,General AWS User Groups,52.0579324,1.1528095
Iraq AWS Meetup,"Baghdad, Iraq",https://www.meetup.com/iraq-aws-meetup-group/,General AWS User Groups,33.036132,44.263504
Iraq Cloud,"Baghdad, Iraq",https://www.facebook.com/groups/iraqcloud,General AWS User Groups,33.036132,44.263504
JAWG-UG Storage (Storage-JAWS),"Tokyo, Japan",https://storage-jaws.connpass.com/,General AWS User Groups,35.6768601,139.7638947
JAWS User Groups,Tokyo,https://jaws-ug.jp/,General AWS User Groups,35.6768601,139.7638947
JAWS-UG AI/ML,Tokyo,https://jawsug-ai.connpass.com/,AI/ML,35.6768601,139.7638947
JAWS-UG Aizu,Aizu,https://jaws-tohoku.doorkeeper.jp/,General AWS User Groups,46.9465815,7.4393978
JAWS-UG Akita,Akita,https://jaws-tohoku.doorkeeper.jp/,General AWS User Groups,39.6898802,140.342608
JAWS-UG Aomori,Aomori,https://jaws-tohoku.doorkeeper.jp/,General AWS User Groups,40.886943,140.590121
JAWS-UG Architecture,Tokyo,https://jawsug-arch.connpass.com/,General AWS User Groups,35.6768601,139.7638947
JAWS-UG Beginners,Tokyo,https://jawsug-bgnr.connpass.com/,General AWS User Groups,35.6768601,139.7638947
JAWS-UG BigData (BigData-JAWS),Tokyo,https://jawsug-bigdata.connpass.com/,"Analytics, Database",35.6768601,139.7638947
JAWS-UG CDK,Tokyo,https://jawsug-cdk.connpass.com/,General AWS User Groups,35.6768601,139.7638947
JAWS-UG CLI,Tokyo,https://jawsug-cli.connpass.com/,General AWS User Groups,35.6768601,139.7638947
JAWS-UG Chiba,Chiba,https://jawsug-chiba.doorkeeper.jp/,General AWS User Groups,35.549399,140.2647303
JAWS-UG Cloud Girls' Association,Tokyo,https://cloudgirl.doorkeeper.jp/,Women's User Groups,35.6768601,139.7638947
JAWS-UG Container,Tokyo,https://jawsug-container.connpass.com/,Containers,35.6768601,139.7638947
JAWS-UG DE&I,Osaka,https://jawsugkgirls.doorkeeper.jp/,Women's User Groups,34.6937569,135.5014539
JAWS-UG Ehime,Ehime,https://jawsug-ehime.doorkeeper.jp/,General AWS User Groups,33.6013646,132.8185275
JAWS-UG Finance (Fin-JAWS),Tokyo,https://fin-jaws.connpass.com/,General AWS User Groups,35.6768601,139.7638947
JAWS-UG Fukuoka,Fukuoka,https://jaws-ug-kyushu.doorkeeper.jp/,General AWS User Groups,33.6251241,130.6180016
JAWS-UG GameTech,Tokyo,https://jawsug-gametech.connpass.com/,Game Tech,35.6768601,139.7638947
JAWS-UG Gunma,Gunma,https://jawsug-gunma.connpass.com/,General AWS User Groups,36.52198,139.033483
JAWS-UG HPC,Tokyo,https://jawsug-hpc.connpass.com/,EC2 / Windows,35.6768601,139.7638947
JAWS-UG Hakodate,Hakodate,https://jawsug-hakodate.doorkeeper.jp/,General AWS User Groups,41.768793,140.729008
JAWS-UG Hamamatsu,Hamamatsu,https://jawsug-hamamatsu.doorkeeper.jp/,General AWS User Groups,34.7109786,137.7259431
JAWS-UG Hiroshima,Hiroshima,https://jawsug-hiroshima.doorkeeper.jp/,General AWS User Groups,34.3917241,132.4517589
JAWS-UG Ibaraki,"Mito, Japan",https://jawsug-ibaraki.connpass.com/,General AWS User Groups,36.3659174,140.4731743
JAWS-UG Information System Admins,Tokyo,https://jawsug-sysad.connpass.com/,Migration,35.6768601,139.7638947
JAWS-UG IoT,Tokyo,https://jawsug-iot.connpass.com/,General AWS User Groups,35.6768601,139.7638947
JAWS-UG Iwata,Iwata,https://jawsug-iwata.connpass.com/,General AWS User Groups,34.706481,137.851285
JAWS-UG Kagawa (Udon),Kagawa,https://jawsug-kagawa.connpass.com/,General AWS User Groups,34.2480104,134.0586579
JAWS-UG Kanazawa,Kanazawa,https://jawsug-kanazawa.doorkeeper.jp/,General AWS User Groups,36.561627,136.6568822
JAWS-UG Kansai IoT,Osaka,https://jawsugosaka.doorkeeper.jp/,General AWS User Groups,34.6937569,135.5014539
JAWS-UG Kochi (Tosa),Kochi,https://jawsug-tosa.doorkeeper.jp/,General AWS User Groups,9.9679032,76.2444378
JAWS-UG Kyoto,Kyoto,https://jawsugosaka.doorkeeper.jp/,General AWS User Groups,35.0115754,135.7681441
JAWS-UG Media (Media-JAWS),Tokyo,https://media-jaws.doorkeeper.jp/,Media Services,35.6768601,139.7638947
JAWS-UG Morning (ASA),Tokyo,https://jawsug-asa.connpass.com/,General AWS User Groups,35.6768601,139.7638947
JAWS-UG Nagano,Nagano,https://jawsug-nagano.connpass.com/,General AWS User Groups,36.1143945,138.0319015
JAWS-UG Nagasaki,Nagasaki,https://jaws-ug-kyushu.doorkeeper.jp/,General AWS User Groups,33.1154683,129.7874339
JAWS-UG Nagoya,Nagoya,https://jawsug-nagoya.doorkeeper.jp/,General AWS User Groups,35.1851045,136.8998438
JAWS-UG Network (NW-JAWS),Tokyo,https://jawsug-nw.connpass.com/,Networking & Content Delivery,35.6768601,139.7638947
JAWS-UG Niigata,Niigata,https://jawsug-niigata.connpass.com/,General AWS User Groups,37.6452283,138.7669125
JAWS-UG Oita,Oita,https://jawsug-oita.doorkeeper.jp/,General AWS User Groups,33.2393864,131.6096524
JAWS-UG Okayama,Okayama,https://jaws-ug-okayama.doorkeeper.jp/,General AWS User Groups,34.8581334,133.7759256
JAWS-UG Okinawa,Okinawa,https://jaws-ug-okinawa.doorkeeper.jp/,General AWS User Groups,26.5707754,128.0255901
JAWS-UG Operations (Ops JAWS),Tokyo,https://opsjaws.doorkeeper.jp/,General AWS User Groups,35.6768601,139.7638947
JAWS-UG Osaka (KANSAI),Osaka,https://jawsugosaka.doorkeeper.jp/,General AWS User Groups,34.6937569,135.5014539
JAWS-UG Ropongi 1Chome,Tokyo,https://jawsug-ropponngi-1chome.doorkeeper.jp/,General AWS User Groups,35.6768601,139.7638947
JAWS-UG SAGA,"Saga, Japan",https://jawsug-saga.connpass.com/event/320047/,General AWS User Groups,33.2185408,130.1296585
JAWS-UG SRE,Tokyo,https://jawsug-sre.connpass.com/,General AWS User Groups,35.6768601,139.7638947
JAWS-UG Sales,Osaka,https://jawsugosaka.doorkeeper.jp/,General AWS User Groups,34.6937569,135.5014539
JAWS-UG Sappro,Sapporo,https://jawsug-sapporo.doorkeeper.jp/,General AWS User Groups,43.061936,141.3542924
JAWS-UG Security (Security-JAWS),Tokyo,https://s-jaws.doorkeeper.jp/,Security,35.6768601,139.7638947
JAWS-UG Sendai,Sendai,https://jaws-tohoku.doorkeeper.jp/,General AWS User Groups,38.2677554,140.8691498
JAWS-UG Shimane,Shimane,https://jawsug-shimane.doorkeeper.jp/,General AWS User Groups,34.9418212,132.537439
JAWS-UG Storage,"Tokyo, Japan",https://storage-jaws.connpass.com/,General AWS User Groups,35.6768601,139.7638947
JAWS-UG Tokushima,Tokushima,https://jawsohenro.doorkeeper.jp/,General AWS User Groups,33.9196418,134.2509634
JAWS-UG Tokyo,Tokyo,https://jawsug.connpass.com/,General AWS User Groups,35.6768601,139.7638947
JAWS-UG Toyama,"Toyama, Japan",https://jawsug-toyama.connpass.com/,General AWS User Groups,36.6468015,137.2183531
JAWS-UG Yamagata,Yamagata,https://jaws-tohoku.doorkeeper.jp/,General AWS User Groups,38.4746705,140.083237
JAWS-UG Yamanashi,"Kofu, Japan",https://jaws-ug-yamanashi.connpass.com/,General AWS User Groups,35.6652481,138.5710441
JAWS-UG Yokohama,Yokohama,https://jawsug-yokohama.connpass.com/,General AWS User Groups,35.4503381,139.6343802
Jackson Metro AWS Meetup Group,"Jackson, Mississppi, USA",https://www.meetup.com/jacksonmetro-amazon-web-services-meetup-group/,General AWS User Groups,,
Jacksonville AWS User Group,"Jacksonville, USA",https://www.meetup.com/jacksonville-aws/,General AWS User Groups,30.3321838,-81.655651
Kitchener Waterloo AWS User Group,"Waterloo, Canada",https://www.meetup.com/waterloo-aws-user-group/,General AWS User Groups,43.4652699,-80.5222961
Knoxville AWS Meetup,"Knoxville, Tennessee, USA",https://www.meetup.com/Knoxville-Amazon-Web-Services-Meetup/,General AWS User Groups,35.9603948,-83.9210261
Leipzig AWS User Group,"Leipzig, Germany",https://www.meetup.com/de/aws-leipzig/,General AWS User Groups,51.3406321,12.3747329
Letterkenny AWS User Group,"Letterkenny, Ireland",https://www.meetup.com/letterkenny-aws-users-meetup-group/,General AWS User Groups,54.9517941,-7.7354368
Lille AWS AWS User Group,"Lille, France, France",https://www.meetup.com/Lille-AWS-Amazon-Web-Services-User-Group/,General AWS User Groups,50.6365654,3.0635282
Lomé AWS User Group,"Lomé, Togo",https://www.meetup.com/lome-aws-user-group/,General AWS User Groups,6.130419,1.215829
London AWS S3 Meetup Group,"Reading, United Kingdom",https://www.meetup.com/London-AWS-S3-Meetup-Group/,General AWS User Groups,51.4514953,-0.9836342
Madrid AWS Meetup,"Madrid, Spain",https://www.meetup.com/Madrid-Amazon-Web-Services-Meetup/,General AWS User Groups,40.4167047,-3.7035825
Mauritius AWS User Group,"Port Louis, Mauritius",https://www.meetup.com/mauritius-aws-user-group,General AWS User Groups,-20.1624522,57.5028044
Melbourne AWS Programming and Tools Meetup,"Melbourne, Australia",https://www.meetup.com/Melbourne-AWS-Programming-and-Tools-Meetup/,General AWS User Groups,-37.8142454,144.9631732
Melbourne Data Engineering Meetup,"Melbourne, Australia",https://www.meetup.com/Melbourne-Data-Engineering-Meetup/,Analytics,-37.8142454,144.9631732
Melbourne Serverless Meetup,"Melbourne, Australia",https://www.meetup.com/Melbourne-Serverless-Meetup-Group/,Serverless,-37.8142454,144.9631732
Miami AWS User Group,"Miami, USA",https://www.meetup.com/aws-miami-user-group/,General AWS User Groups,25.7741728,-80.19362
Milton Keynes AWS User Group,"Milton Keynes, United Kingdom",https://www.meetup.com/Milton-Keynes-AWS-User-Group/,General AWS User Groups,52.0406502,-0.7594092
Montpellier AWS User Group,"Montpellier, France",https://www.meetup.com/Montpellier-Amazon-Web-Services/,General AWS User Groups,43.6112422,3.8767337
Montréal AWS User Group,"Montréal, Canada",https://www.meetup.com/montreal-aws-users-united/,General AWS User Groups,45.5031824,-73.5698065
Mzansi AWS,"Johannesburg, South Africa",https://www.meetup.com/mzansi-aws/,General AWS User Groups,-26.205,28.049722
NW Atlanta AWS User Group,"United States, Atlanta",https://www.meetup.com/nw-atlanta-amazon-web-services-meetup/events/300611557/?slug=nw-atlanta-amazon-web-services-meetup&eventId=300611557,General AWS User Groups,33.7489924,-84.3902644
NY Capital District AWS User Group,"Schenectady, New York, USA",https://www.meetup.com/ny-capital-district-aws-user-group,General AWS User Groups,42.8142432,-73.9395687
Nantes AWS User Group,"Nantes, France",https://www.meetup.com/AWS-Nantes/,General AWS User Groups,47.2186371,-1.5541362
Nashville AWS User Group,"Nashville, Tennessee, USA",https://www.meetup.com/nawsug/,General AWS User Groups,36.1622767,-86.7742984
Niederbayern AWS User Group,"Passau, Germany",https://www.meetup.com/niederbayern-aws-user-group/,General AWS User Groups,48.5748229,13.4609744
Northwest Atlanta Meetup,"Atlanta, Georgia, USA",https://www.meetup.com/NW-Atlanta-Amazon-Web-Services-Meetup/,General AWS User Groups,33.7489924,-84.3902644
Nurnberg AWS User Group,"Nürnberg, Germany",https://www.meetup.com/Nurnberg-AWS-User-Group/,General AWS User Groups,49.453872,11.077298
Omaha AWS Meetup,"Omaha, Nebraska, USA",https://www.meetup.com/Omaha-Amazon-Web-Services-Meetup/,General AWS User Groups,41.2587459,-95.9383758
Orlando AWS User Group,"Orlando, USA",https://www.meetup.com/orlandoaws/,General AWS User Groups,28.5421109,-81.3790304
Ottawa AWS User Group,"Ottawa, Ontario, Canada",https://www.meetup.com/Ottawa-AWS-User-Group/,General AWS User Groups,45.4208777,-75.6901106
Paris AWS User Group,"Paris, France",https://www.meetup.com/French-AWS-UG/,General AWS User Groups,48.8534951,2.3483915
Pau AWS User Group,"Pau, France",https://www.meetup.com/Pau-AWS-User-Group/,General AWS User Groups,43.2957547,-0.3685668
Perth Data Engineering Meetup,"Perth, Australia",https://www.meetup.com/Perth-Data-Engineering-Meetup/,Analytics,-31.9558933,115.8605855
Poitiers AWS User Group,"Poitiers, France",https://www.meetup.com/Poitiers-AWS-User-Group/,General AWS User Groups,46.5802596,0.340196
Prague AWS Meetup,"Prague, Czech Republic",https://www.meetup.com/Prague-AWS-Meetup/,General AWS User Groups,50.0596288,14.4464593
Québec City AWS User Group,"Québec City, Québec, Canada",https://www.meetup.com/QuebecCity-AWS-User-Group/,General AWS User Groups,46.8137431,-71.2084061
RGC3 Rio Grande Corridor Cloud Community | AWS UG,"Las Cruces, NM, USA",https://www.meetup.com/rio-grande-cloud-aws/,General AWS User Groups,32.3140354,-106.779807
Rennes AWS User Group,"Rennes, France",https://www.meetup.com/Rennes-Amazon-Web-Services-User-Group/,General AWS User Groups,48.1113387,-1.6800198
Richmond Cloud Wranglers,"Richmond, Virginia, USA",https://www.meetup.com/rvacloudwranglers/,General AWS User Groups,37.5385087,-77.43428
Saint Louis Amazon Web Services Meetup,"St. Louis, Missouri, USA",https://www.meetup.com/Saint-Louis-Amazon-Web-Services-Meetup/,General AWS User Groups,38.6280278,-90.1910154
Santa Cruz AWS Meetup Group,"Santa Cruz, California, USA",https://www.meetup.com/santa-cruz-aws-meetup-group/,General AWS User Groups,37.050096,-121.99059
Santa Cruz AWS User Group,"US, Santa Cruz",https://www.meetup.com/santa-cruz-aws-meetup-group/events/301327803,General AWS User Groups,37.050096,-121.99059
Silicon Valley Cloud and AI Engineers,"Santa Clara, California, USA",https://www.meetup.com/meetup-group-kOMaBzOz/,General AWS User Groups,37.3541132,-121.955174
Sydney Data Engineering Meetup,"Sydney, Australia",https://www.meetup.com/Sydney-Data-Engineering-Meetup/,Analytics,-33.8698439,151.2082848
Sydney Serverless Meetup Group,"Sydney, Australia",https://www.meetup.com/Sydney-Serverless-Meetup-Group/,Serverless,-33.8698439,151.2082848
São Paulo AWS Meetup,"São Paulo, Brazil",https://www.meetup.com/Sao-Paulo-Amazon-Web-Services-AWS-Meetup/,General AWS User Groups,-23.5506507,-46.6333824
Tampa Bay AWS User Group,"Tampa, USA",https://www.meetup.com/tampa-bay-aws/events/301154655/,General AWS User Groups,27.9477595,-82.458444
Tampa Bay AWS User Group,"Tampa, Florida, USA",https://www.meetup.com/Tampa-Bay-AWS-Group/,General AWS User Groups,27.9477595,-82.458444
The bAWSton User Group,"Boston, Massachusetts, USA",https://www.meetup.com/The-Boston-Amazon-Web-Services-Meetup-Group/,General AWS User Groups,42.3554334,-71.060511
Toronto AWS User Group,"Toronto, Ontario, Canada",https://www.meetup.com/Toronto-AWS-Users-United,General AWS User Groups,43.6534817,-79.3839347
Toulouse AWS User Group,"Toulouse, France",https://www.meetup.com/Toulouse-Amazon-Web-Services/,General AWS User Groups,43.6044622,1.4442469
Triad AWS User Group,"Greensboro, USA",https://www.meetup.com/triad-aws-user-group/,General AWS User Groups,36.0726355,-79.7919754
Twin Cities AWS User Group,"Minneapolis, Minnesota, USA",https://www.meetup.com/Twin-Cities-Amazon-Web-Services-User-Group/,General AWS User Groups,44.9772995,-93.2654692
UG Salento,"Salento,Italy",https://www.meetup.com/it-IT/aws-user-group-salento/,General AWS User Groups,40.248604,15.190058
Utah AWS User Group,"Lehi, Utah, USA",https://www.meetup.com/Utah-AWS/,General AWS User Groups,40.3881114,-111.8486019
Vancouver AWS User Group,"Vancouver, Canada",https://www.meetup.com/vanawsug/,General AWS User Groups,49.2608724,-123.113952
Vancouver AWS User Group,"Canada, Vancouver",https://www.meetup.com/vancouver-amazon-web-services-user-group,General AWS User Groups,49.2608724,-123.113952
Vancouver Amazon Web Services User Group,"Vancouver, British Columbia, Canada",https://www.meetup.com/Vancouver-Amazon-Web-Services-User-Group/,General AWS User Groups,49.2608724,-123.113952
